{
  "ie": {
    "6": 0,
    "7": 0.0069542641229513895,
    "8": 0.5331602494262732,
    "9": 0.4300053316024943,
    "10": 0.03477132061475695,
    "11": 5.773198266070145,
    "5.5": 0
  },
  "edge": {
    "12": 0.039407496696724546,
    "13": 0.015067572266394677,
    "14": 0.08345116947541667,
    "15": 0.08229212545492477,
    "16": 0.1912422633811632,
    "17": 2.245068267692807,
    "18": 0.12401771019263312
  },
  "firefox": {
    "2": 0,
    "3": 0,
    "4": 0,
    "5": 0,
    "6": 0,
    "7": 0,
    "8": 0,
    "9": 0,
    "10": 0,
    "11": 0.0011590440204918982,
    "12": 0.0034771320614756947,
    "13": 0,
    "14": 0,
    "15": 0.0011590440204918982,
    "16": 0,
    "17": 0.0023180880409837965,
    "18": 0,
    "19": 0.008113308143443288,
    "20": 0,
    "21": 0,
    "22": 0,
    "23": 0,
    "24": 0.0034771320614756947,
    "25": 0,
    "26": 0.012749484225410883,
    "27": 0.0023180880409837965,
    "28": 0,
    "29": 0,
    "30": 0.0023180880409837965,
    "31": 0.009272352163935186,
    "32": 0.0034771320614756947,
    "33": 0.0011590440204918982,
    "34": 0,
    "35": 0,
    "36": 0.0023180880409837965,
    "37": 0.0034771320614756947,
    "38": 0.004636176081967593,
    "39": 0.0011590440204918982,
    "40": 0.0011590440204918982,
    "41": 0.011590440204918983,
    "42": 0.0023180880409837965,
    "43": 0.016226616286886576,
    "44": 0.019703748348362273,
    "45": 0.22369549595493637,
    "46": 0.0011590440204918982,
    "47": 0.023180880409837967,
    "48": 0.12749484225410881,
    "49": 0.010431396184427084,
    "50": 0.015067572266394677,
    "51": 0.005795220102459492,
    "52": 0.545909733651684,
    "53": 0.0034771320614756947,
    "54": 0.0069542641229513895,
    "55": 0.005795220102459492,
    "56": 0.03477132061475695,
    "57": 0.041725584737708335,
    "58": 0.011590440204918983,
    "59": 0.02665801247131366,
    "60": 1.4661906859222513,
    "61": 0.061429333086070605,
    "62": 0.12401771019263312,
    "63": 2.0804840167829575,
    "64": 12.868865759521547,
    "65": 2.2578177519182177,
    "66": 0.0660655091680382,
    "67": 0.005795220102459492,
    "3.5": 0,
    "3.6": 0
  },
  "chrome": {
    "4": 0,
    "5": 0,
    "6": 0,
    "7": 0,
    "8": 0,
    "9": 0,
    "10": 0,
    "11": 0.0023180880409837965,
    "12": 0,
    "13": 0,
    "14": 0,
    "15": 0,
    "16": 0,
    "17": 0,
    "18": 0,
    "19": 0,
    "20": 0,
    "21": 0,
    "22": 0.0011590440204918982,
    "23": 0.0034771320614756947,
    "24": 0,
    "25": 0.005795220102459492,
    "26": 0.005795220102459492,
    "27": 0.0023180880409837965,
    "28": 0.005795220102459492,
    "29": 0.009272352163935186,
    "30": 0,
    "31": 0.0034771320614756947,
    "32": 0.0011590440204918982,
    "33": 0,
    "34": 0.005795220102459492,
    "35": 0.004636176081967593,
    "36": 0.17617469111476852,
    "37": 0.0011590440204918982,
    "38": 0.0034771320614756947,
    "39": 0.0034771320614756947,
    "40": 0.005795220102459492,
    "41": 0.12169962215164933,
    "42": 0.0023180880409837965,
    "43": 0.005795220102459492,
    "44": 0.004636176081967593,
    "45": 0.017385660307378474,
    "46": 0,
    "47": 0.012749484225410883,
    "48": 0.03361227659426505,
    "49": 0.2804886529590394,
    "50": 0.023180880409837967,
    "51": 0.0069542641229513895,
    "52": 0.0069542641229513895,
    "53": 0.005795220102459492,
    "54": 0.012749484225410883,
    "55": 0.0672245531885301,
    "56": 0.0776559493729572,
    "57": 0.39871114304921307,
    "58": 0.11358631400820603,
    "59": 0.019703748348362273,
    "60": 0.09851874174181136,
    "61": 0.08461021349590857,
    "62": 0.15762998678689819,
    "63": 0.6548598715779225,
    "64": 0.2074688796680498,
    "65": 0.18776513131968753,
    "66": 0.09620065370082756,
    "67": 0.31525997357379637,
    "68": 0.31294188553281255,
    "69": 0.47984422448364594,
    "70": 11.301838243816501,
    "71": 31.221168779990265,
    "72": 8.527086858758896,
    "73": 0.1263357982336169,
    "74": 0.010431396184427084,
    "75": 0
  },
  "safari": {
    "4": 0,
    "5": 0.0069542641229513895,
    "6": 0.0011590440204918982,
    "7": 0.004636176081967593,
    "8": 0.004636176081967593,
    "9": 0.028976100512297456,
    "10": 0.061429333086070605,
    "11": 0.22833167203690397,
    "12": 4.172558473770834,
    "3.1": 0,
    "3.2": 0,
    "5.1": 0.005795220102459492,
    "6.1": 0.0011590440204918982,
    "7.1": 0.0023180880409837965,
    "9.1": 0.12054057813115741,
    "10.1": 0.31294188553281255,
    "11.1": 0.6444284753934955,
    "12.1": 0.017385660307378474,
    "TP": 0
  },
  "opera": {
    "9": 0,
    "11": 0,
    "12": 0,
    "15": 0,
    "16": 0,
    "17": 0,
    "18": 0,
    "19": 0,
    "20": 0,
    "21": 0,
    "22": 0,
    "23": 0,
    "24": 0,
    "25": 0,
    "26": 0,
    "27": 0,
    "28": 0,
    "29": 0,
    "30": 0,
    "31": 0,
    "32": 0.0023180880409837965,
    "33": 0,
    "34": 0,
    "35": 0,
    "36": 0.004636176081967593,
    "37": 0,
    "38": 0,
    "39": 0,
    "40": 0,
    "41": 0,
    "42": 0,
    "43": 0,
    "44": 0,
    "45": 0,
    "46": 0,
    "47": 0,
    "48": 0,
    "49": 0.0023180880409837965,
    "50": 0,
    "51": 0,
    "52": 0.0034771320614756947,
    "53": 0,
    "54": 0,
    "55": 0,
    "56": 0.0660655091680382,
    "57": 0.27005725677461234,
    "9.5-9.6": 0,
    "10.0-10.1": 0,
    "10.5": 0,
    "10.6": 0,
    "11.1": 0,
    "11.5": 0,
    "11.6": 0,
    "12.1": 0.004636176081967593
  },
  "ios_saf": {
    "8": 0,
    "3.2": 0,
    "4.0-4.1": 0,
    "4.2-4.3": 0,
    "5.0-5.1": 0,
    "6.0-6.1": 0.0023180880409837965,
    "7.0-7.1": 0.008113308143443288,
    "8.1-8.4": 0.022021836389346065,
    "9.0-9.2": 0.023180880409837967,
    "9.3": 0.08808734555738426,
    "10.0-10.2": 0.11822249009017362,
    "10.3": 0.14835763462296297,
    "11.0-11.2": 0.29787431326641783,
    "11.3-11.4": 0.3790073947008507,
    "12.0-12.1": 2.4073344305616726,
    "12.2": 0.012749484225410883
  },
  "op_mini": {
    "all": 0.21210505575001737
  },
  "android": {
    "3": 0,
    "4": 0.005795220102459492,
    "67": 0.3952340109877373,
    "2.1": 0,
    "2.2": 0,
    "2.3": 0.0023180880409837965,
    "4.1": 0,
    "4.2-4.3": 0.010431396184427084,
    "4.4": 0,
    "4.4.3-4.4.4": 0
  },
  "bb": {
    "7": 0,
    "10": 0
  },
  "op_mob": {
    "10": 0.011590440204918983,
    "11": 0.011590440204918983,
    "12": 0.011590440204918983,
    "46": 0.011590440204918983,
    "11.1": 0.011590440204918983,
    "11.5": 0.011590440204918983,
    "12.1": 0.011590440204918983
  },
  "and_chr": {
    "71": 3.2499594334592827
  },
  "and_ff": {
    "64": 0.12517675421312502
  },
  "ie_mob": {
    "10": 0,
    "11": 0
  },
  "and_uc": {
    "11.8": 0.3268504137787153
  },
  "samsung": {
    "4": 0,
    "5.0-5.4": 0,
    "6.2-6.4": 0,
    "7.2-7.4": 0,
    "8.2": 0
  },
  "and_qq": {
    "1.2": 0
  },
  "baidu": {
    "7.12": 0
  }
}