{
  "ie": {
    "6": 0,
    "7": 0.02574002574002574,
    "8": 1.1813317076474972,
    "9": 0.42674253200568996,
    "10": 0.03251371672424304,
    "11": 5.177809388335705,
    "5.5": 0
  },
  "edge": {
    "12": 0.00812842918106076,
    "13": 0.017611596558964982,
    "14": 0.0270947639368692,
    "15": 0.02574002574002574,
    "16": 0.2668834247781616,
    "17": 1.4685362053783106,
    "18": 0.9022556390977444,
    "76": 0
  },
  "firefox": {
    "2": 0,
    "3": 0,
    "4": 0,
    "5": 0,
    "6": 0.00406421459053038,
    "7": 0,
    "8": 0,
    "9": 0,
    "10": 0,
    "11": 0,
    "12": 0.00270947639368692,
    "13": 0,
    "14": 0,
    "15": 0,
    "16": 0,
    "17": 0.00270947639368692,
    "18": 0,
    "19": 0.00541895278737384,
    "20": 0,
    "21": 0,
    "22": 0,
    "23": 0,
    "24": 0.00541895278737384,
    "25": 0,
    "26": 0.0067736909842173,
    "27": 0,
    "28": 0,
    "29": 0,
    "30": 0,
    "31": 0,
    "32": 0.00135473819684346,
    "33": 0,
    "34": 0.017611596558964982,
    "35": 0,
    "36": 0.01490212016527806,
    "37": 0.00135473819684346,
    "38": 0.00270947639368692,
    "39": 0,
    "40": 0,
    "41": 0.00270947639368692,
    "42": 0.00541895278737384,
    "43": 0.00812842918106076,
    "44": 0.01083790557474768,
    "45": 0.00948316737790422,
    "46": 0,
    "47": 0.00948316737790422,
    "48": 0.0745106008263903,
    "49": 0.00948316737790422,
    "50": 0.0406421459053038,
    "51": 0,
    "52": 0.22488654067601435,
    "53": 0.00270947639368692,
    "54": 0.00135473819684346,
    "55": 0.00948316737790422,
    "56": 0.02574002574002574,
    "57": 0.0135473819684346,
    "58": 0.01490212016527806,
    "59": 0.012192643771591141,
    "60": 1.3086770981507825,
    "61": 0.017611596558964982,
    "62": 0.00406421459053038,
    "63": 0.3075255706834654,
    "64": 0.04335162229899072,
    "65": 0.07722007722007722,
    "66": 0.8521303258145364,
    "67": 5.477206529838108,
    "68": 4.7808710966605705,
    "69": 0.03657793131477342,
    "70": 0,
    "3.5": 0,
    "3.6": 0.00135473819684346
  },
  "chrome": {
    "4": 0,
    "5": 0,
    "6": 0,
    "7": 0,
    "8": 0,
    "9": 0.00135473819684346,
    "10": 0,
    "11": 0,
    "12": 0,
    "13": 0,
    "14": 0,
    "15": 0,
    "16": 0,
    "17": 0.00135473819684346,
    "18": 0,
    "19": 0,
    "20": 0,
    "21": 0,
    "22": 0,
    "23": 0.00948316737790422,
    "24": 0,
    "25": 0.00135473819684346,
    "26": 0.00948316737790422,
    "27": 0.00270947639368692,
    "28": 0,
    "29": 0,
    "30": 0.00135473819684346,
    "31": 0,
    "32": 0,
    "33": 0.00135473819684346,
    "34": 0,
    "35": 0.00135473819684346,
    "36": 0.30481609428977846,
    "37": 0.0135473819684346,
    "38": 0.00541895278737384,
    "39": 0,
    "40": 0.00270947639368692,
    "41": 0.00270947639368692,
    "42": 0.01625685836212152,
    "43": 0.00541895278737384,
    "44": 0.00135473819684346,
    "45": 0.031158978527399583,
    "46": 0.00270947639368692,
    "47": 0.00406421459053038,
    "48": 0.05825374246426878,
    "49": 0.22895075526654474,
    "50": 0.00812842918106076,
    "51": 0.0203210729526519,
    "52": 0.00135473819684346,
    "53": 0.048770575086364565,
    "54": 0.02303054934633882,
    "55": 0.07180112443270338,
    "56": 0.09076745918851183,
    "57": 0.36984352773826457,
    "58": 0.08941272099166836,
    "59": 0.012192643771591141,
    "60": 0.08670324459798144,
    "61": 0.062317957054799165,
    "62": 0.024385287543182282,
    "63": 0.37526248052563843,
    "64": 0.067736909842173,
    "65": 0.1287001287001287,
    "66": 0.031158978527399583,
    "67": 0.2723023775655355,
    "68": 0.1327643432906591,
    "69": 0.32920138183296077,
    "70": 0.4511278195488722,
    "71": 0.26146447199078776,
    "72": 0.4348709611867506,
    "73": 0.7789744631849895,
    "74": 15.441305967621757,
    "75": 29.55903271692745,
    "76": 6.998577524893314,
    "77": 0.08263903000745106,
    "78": 0.00135473819684346
  },
  "safari": {
    "4": 0,
    "5": 0.00541895278737384,
    "6": 0,
    "7": 0.00812842918106076,
    "8": 0.01083790557474768,
    "9": 0.024385287543182282,
    "10": 0.04335162229899072,
    "11": 0.12328117591275486,
    "12": 0.7722007722007722,
    "13": 0.03793266951161688,
    "3.1": 0,
    "3.2": 0,
    "5.1": 0.00406421459053038,
    "6.1": 0.0067736909842173,
    "7.1": 0.0067736909842173,
    "9.1": 0.062317957054799165,
    "10.1": 0.1896633475580844,
    "11.1": 0.4714488925015241,
    "12.1": 4.010025062656641,
    "TP": 0
  },
  "opera": {
    "9": 0,
    "11": 0,
    "12": 0,
    "15": 0,
    "16": 0,
    "17": 0,
    "18": 0,
    "19": 0,
    "20": 0,
    "21": 0,
    "22": 0,
    "23": 0,
    "24": 0,
    "25": 0,
    "26": 0,
    "27": 0,
    "28": 0,
    "29": 0,
    "30": 0,
    "31": 0,
    "32": 0,
    "33": 0,
    "34": 0,
    "35": 0,
    "36": 0.00135473819684346,
    "37": 0,
    "38": 0,
    "39": 0,
    "40": 0,
    "41": 0,
    "42": 0,
    "43": 0,
    "44": 0,
    "45": 0,
    "46": 0,
    "47": 0,
    "48": 0,
    "49": 0,
    "50": 0,
    "51": 0,
    "52": 0,
    "53": 0,
    "54": 0,
    "55": 0,
    "56": 0.00270947639368692,
    "57": 0.00135473819684346,
    "58": 0.02574002574002574,
    "60": 0.24656235182550973,
    "62": 0.15714963083384134,
    "9.5-9.6": 0,
    "10.0-10.1": 0,
    "10.5": 0,
    "10.6": 0,
    "11.1": 0,
    "11.5": 0,
    "11.6": 0,
    "12.1": 0.00270947639368692
  },
  "ios_saf": {
    "8": 0.012192643771591141,
    "13": 0.0270947639368692,
    "3.2": 0,
    "4.0-4.1": 0.00270947639368692,
    "4.2-4.3": 0,
    "5.0-5.1": 0.02574002574002574,
    "6.0-6.1": 0.00541895278737384,
    "7.0-7.1": 0.00270947639368692,
    "8.1-8.4": 0.00406421459053038,
    "9.0-9.2": 0.03657793131477342,
    "9.3": 0.08941272099166836,
    "10.0-10.2": 0.0338684549210865,
    "10.3": 0.1896633475580844,
    "11.0-11.2": 0.2099844205107363,
    "11.3-11.4": 0.1327643432906591,
    "12.0-12.1": 0.32920138183296077,
    "12.2-12.3": 3.0468062047009417
  },
  "op_mini": {
    "all": 0.3142992616676827
  },
  "android": {
    "3": 0.01083790557474768,
    "4": 0.03657793131477342,
    "67": 0.4904152272573325,
    "2.1": 0.00270947639368692,
    "2.2": 0.00948316737790422,
    "2.3": 0,
    "4.1": 0.05283478967689494,
    "4.2-4.3": 0.02980424033055612,
    "4.4": 0.07586533902323377,
    "4.4.3-4.4.4": 0
  },
  "bb": {
    "7": 0,
    "10": 0.01490212016527806
  },
  "op_mob": {
    "10": 0.00812842918106076,
    "11": 0.00812842918106076,
    "12": 0.00812842918106076,
    "46": 0.00812842918106076,
    "11.1": 0.00812842918106076,
    "11.5": 0.00812842918106076,
    "12.1": 0.00812842918106076
  },
  "and_chr": {
    "75": 4.747002641739484
  },
  "and_ff": {
    "67": 0.2723023775655355
  },
  "ie_mob": {
    "10": 0,
    "11": 0
  },
  "and_uc": {
    "12.12": 1.0715979137031768
  },
  "samsung": {
    "4": 0,
    "5.0-5.4": 0,
    "6.2-6.4": 0,
    "7.2-7.4": 0,
    "8.2": 0,
    "9.2": 0
  },
  "and_qq": {
    "1.2": 0
  },
  "baidu": {
    "7.12": 0
  },
  "kaios": {
    "2.5": 0
  }
}